<?xml version="1.0" encoding="UTF-8" standalone="no"?>
<databaseChangeLog logicalFilePath="db.changelog-1.0.xml" xmlns="http://www.liquibase.org/xml/ns/dbchangelog"
                   xmlns:xsi="http://www.w3.org/2001/XMLSchema-instance"
                   xsi:schemaLocation="http://www.liquibase.org/xml/ns/dbchangelog http://www.liquibase.org/xml/ns/dbchangelog/dbchangelog-3.4.xsd">

    <changeSet author="nikita.ojamae" id="init-schema">
        <sql splitStatements="false">
            CREATE TABLE product
            (
                id          SERIAL PRIMARY KEY,
                name        varchar(255) NOT NULL,
                price       integer,
                description varchar,
                currency    varchar(3),
                created_at  timestamp DEFAULT NOW(),
                created_by  varchar(255),
                updated_at  timestamp,
                updated_by  varchar(255)
            );
        </sql>
    </changeSet>

    <changeSet author="nikita.ojamae" id="init-data">
        <sql splitStatements="false">

            INSERT INTO product (name, description, created_by)
            VALUES ('Electronics', 'Test description', 'admin'),
                   ( 'Clothes', 'Something to wear', 'admin');

        </sql>
    </changeSet>

    <changeSet author="nikita.ojamae" id="create-guessing-game">
        <sql splitStatements="false">
            CREATE TABLE guessing_game
            (
                id             SERIAL PRIMARY KEY,
                name           varchar(255) NOT NULL,
                correct_answer integer      NOT NULL,
                created_at     timestamp DEFAULT NOW(),
                created_by     varchar(255),
                updated_at     timestamp,
                updated_by     varchar(255)
            );


            INSERT INTO guessing_game (name, correct_answer)
            VALUES ('testGame', 10)
        </sql>
    </changeSet>

</databaseChangeLog>